{
  "seed": 3,
  "runtime_sec": 5403.862154960632,
  "baseline": {
    "acc": 0.4326,
    "bacc": 0.4326,
    "head": 0.47424719203503174,
    "mid": 0.43256550466743904,
    "tail": 0.3321205803343179,
    "head_tail_gap": 0.14212661170071383,
    "worst_f1": 0.0,
    "worst_acc": 0.0
  },
  "rebal": {
    "acc": 0.3508,
    "bacc": 0.3508,
    "head": 0.36453531127914196,
    "mid": 0.3317262030040895,
    "tail": 0.32524516479063087,
    "head_tail_gap": 0.03929014648851109,
    "worst_f1": 0.01834862385321101,
    "worst_acc": 0.01
  },
  "rebal_crt": {
    "acc": 0.4465,
    "bacc": 0.4465,
    "head": 0.4522742728224897,
    "mid": 0.4297887627046132,
    "tail": 0.43264639748186007,
    "head_tail_gap": 0.019627875340629652,
    "worst_f1": 0.0547945205479452,
    "worst_acc": 0.04
  }
}