{
  "seed": 0,
  "runtime_sec": 10893.28483080864,
  "baseline": {
    "acc": 0.3276,
    "bacc": 0.3276,
    "head": 0.34909505199661217,
    "mid": 0.33855525602402614,
    "tail": 0.2008575382546126,
    "head_tail_gap": 0.14823751374199956,
    "worst_f1": 0.0,
    "worst_acc": 0.0
  },
  "rebal": {
    "acc": 0.5953,
    "bacc": 0.5952999999999999,
    "head": 0.616292073641763,
    "mid": 0.5942054054993414,
    "tail": 0.5688105116325832,
    "head_tail_gap": 0.047481562009179745,
    "worst_f1": 0.18181818181818182,
    "worst_acc": 0.11
  },
  "rebal_crt": {
    "acc": 0.5942,
    "bacc": 0.5942000000000001,
    "head": 0.620615555019117,
    "mid": 0.5917405687268963,
    "tail": 0.567352047713008,
    "head_tail_gap": 0.05326350730610907,
    "worst_f1": 0.21374045801526717,
    "worst_acc": 0.14
  }
}