{
  "seed": 4,
  "runtime_sec": 9243.559797048569,
  "baseline": {
    "acc": 0.44,
    "bacc": 0.44,
    "head": 0.4787488985618748,
    "mid": 0.4438226304748915,
    "tail": 0.3313668604992308,
    "head_tail_gap": 0.147382038062644,
    "worst_f1": 0.0,
    "worst_acc": 0.0
  },
  "rebal": {
    "acc": 0.5965,
    "bacc": 0.5965,
    "head": 0.6110635123271991,
    "mid": 0.6012469828202227,
    "tail": 0.5721797608074529,
    "head_tail_gap": 0.03888375151974621,
    "worst_f1": 0.23255813953488372,
    "worst_acc": 0.15
  },
  "rebal_crt": {
    "acc": 0.597,
    "bacc": 0.597,
    "head": 0.6068075680278531,
    "mid": 0.609429382305256,
    "tail": 0.5731407811685038,
    "head_tail_gap": 0.03366678685934932,
    "worst_f1": 0.22826086956521738,
    "worst_acc": 0.16
  }
}