{
  "seed": 1,
  "runtime_sec": 31593.729186058044,
  "baseline": {
    "acc": 0.6083,
    "bacc": 0.6083,
    "head": 0.6466375850508804,
    "mid": 0.6126091632667827,
    "tail": 0.5438692317641656,
    "head_tail_gap": 0.10276835328671485,
    "worst_f1": 0.09259259259259259,
    "worst_acc": 0.05
  },
  "rebal": {
    "acc": 0.3573,
    "bacc": 0.35729999999999995,
    "head": 0.36566261867860106,
    "mid": 0.32188103426300474,
    "tail": 0.32057132910455277,
    "head_tail_gap": 0.04509128957404829,
    "worst_f1": 0.0,
    "worst_acc": 0.0
  },
  "rebal_crt": {
    "acc": 0.427,
    "bacc": 0.42699999999999994,
    "head": 0.42158193775678104,
    "mid": 0.4201477136191065,
    "tail": 0.4070820867758431,
    "head_tail_gap": 0.014499850980937923,
    "worst_f1": 0.05405405405405406,
    "worst_acc": 0.03
  }
}