{
  "seed": 2,
  "runtime_sec": 11578.109996080399,
  "baseline": {
    "acc": 0.3682,
    "bacc": 0.3682,
    "head": 0.42828326321025617,
    "mid": 0.3631615838502011,
    "tail": 0.25581378725152615,
    "head_tail_gap": 0.17246947595873002,
    "worst_f1": 0.0,
    "worst_acc": 0.0
  },
  "rebal": {
    "acc": 0.5986,
    "bacc": 0.5985999999999999,
    "head": 0.6146179723536879,
    "mid": 0.5933797716216178,
    "tail": 0.577948167369652,
    "head_tail_gap": 0.036669804984035825,
    "worst_f1": 0.23391812865497075,
    "worst_acc": 0.19
  },
  "rebal_crt": {
    "acc": 0.5986,
    "bacc": 0.5986,
    "head": 0.6155268146342632,
    "mid": 0.6005769050067665,
    "tail": 0.5757207932987909,
    "head_tail_gap": 0.039806021335472286,
    "worst_f1": 0.23148148148148148,
    "worst_acc": 0.2
  }
}